{
  "height": 58,
  "width": 114,
  "x": 287.5500183105469,
  "y": 240.60000002384186
}