{
  "height": 489,
  "width": 300,
  "x": 459.6000061035156,
  "y": 557.2000122070312
}