{
  "height": 44,
  "width": 270,
  "x": 1074.5999755859375,
  "y": 151.60000610351562
}