{
  "height": 17,
  "width": 142,
  "x": 293.6000061035156,
  "y": 2254.8000977039337
}